222,1985006631,1,5,7020,[FEMALE: OLD],2.5696937056926172,1.9084246935307438,0.0,0.0,0.0,7.02,0.0,0.0,0.0,7020,0.0,0.0,0.0,0.0,-0.6,0.0,0.0,NaN,NaN,NaN,-0.0,0.0,0.0,0.0,NaN,0.0,NaN
223,1669701507,1,5,5590,[FEMALE: YOUNG],2.8265910224801276,1.8682236889264197,0.0,93.14527059271751,0.0,5.59,0.01803658639165684,0.0,0.0,5590,0.0,0.0,0.0,0.0,-0.5980609659846828,0.0,0.0,NaN,0.0,0.0,-0.0,0.016662839104242846,0.0,0.01803658639165684,1.936393149848986E-4,0.016662839104242846,NaN
227,13446474,1,5,1932,[HIGH_INCOME: YOUNG],2.8995400514029988,1.8424874620299811,3.2309086194606675,3736.8489468471353,0.0,1.932,2.4810372586751854,0.0,0.0,1932,0.0,0.0,0.0,0.0,0.17053026027771145,0.0,0.0,0.0,-0.0,-0.0,0.0,1.9341868254902357,0.0,-0.7498713607854821,-2.0066943337866672E-4,1.9341868254902357,NaN
230,1091678073,22,26,15264,[YOUNG: LOW_INCOME],2.6926115284695076,2.230824923450461,0.3197018375274275,11885.23750868158,0.0,10.784,7.140377262094815,2.140047352754027,5.286298188698936,21674,-4.1635709065788316,17.003999999999998,16.253999999999998,0.75,0.0352477628535545,0.0,0.24083882996631506,50.841121607896774,0.3137588610426749,-0.6104338129889698,0.0,0.5483638234143019,0.5498738369024433,6.820675424567388,5.738779237339785E-4,0.7786450149817596,3.1141157765336214
230,665623950,10,12,4807,[LOW_INCOME],2.6028062630614857,1.6350554218804816,2.8671773467988895,6685.004907256588,0.0,1.613,1.9427704224381181,-8.494390590473548,1.6139379758588674,7691,-5.445914051516604,7.3709999999999996,6.920999999999999,0.44999999999999996,0.04230898054131593,0.0,0.47622359478273635,2.413872308152501,9.189016618787695,5.891251902166852,0.0,0.8691984016716406,1.1769236672317847,-0.9244069243607713,-1.3828066503845428E-4,1.3906812788135194,0.9449342807243724
230,1451983473,14,16,12018,[LOW_INCOME],2.954724304070555,2.4781592199892897,0.6950049329545712,24043.355334017022,0.0,8.975,11.572567601758045,-1.5823018205698276,3.2182935396927967,15383,-3.9890761317322605,14.293799999999997,13.843799999999998,0.44999999999999996,0.06791106070936248,0.0,0.18492803914543116,19.918995310073424,-0.1454647395512436,-0.3667251803726962,0.0,1.5629822098431398,0.44613284292677685,10.877562668803474,4.524145036202031E-4,2.000612026461726,2.433378962322262
230,824541726,1,5,5590,[YOUNG: FEMALE],2.7947181482142875,1.594963043714193,9.6180336779998,9367.656118117855,0.0,5.59,7.027722192325535,0.0,0.0,5590,0.0,0.0,0.0,0.0,0.15432653043039735,0.0,0.6191336202833703,0.0,-0.0,-0.0,0.0,1.6757882143323533,0.0,-2.590311485674266,-2.765165002870227E-4,1.6757882143323533,0.0
230,1714515430,34,36,614,[YOUNG: HIGH_INCOME: FEMALE],2.8440278854348553,2.340921957511448,0.011464321146838118,1230.708369266528,0.0,0.104,0.13412059625353864,0.8590132781640165,0.09721146834126393,1215,-1.4400274669864928,1.5426,1.0926,0.44999999999999996,0.2566160704266559,0.0,0.2913348739139761,95.30437834091391,7.003418923465172,-11.740348920051513,0.0,1.0129286989847968,1.0971928954621015,0.12265627510670052,9.966315186415824E-5,2.0044110248640523,1.5446142576562039
230,660557318,51,53,6739,[OLD: FEMALE],2.0493260602551016,1.92427968571723,1.8556026785220552,13479.580882025934,0.0,2.56,3.300839110284792,2.5864964919492457,1.6211763614566312,7278,-4.382643041371589,7.0001999999999995,6.550199999999999,0.44999999999999996,0.3618737944294915,0.0,0.24531530040538063,3.529958258745931,1.7896701433097204,-3.0324747875516356,0.0,1.8520995990692406,0.6637624782555526,1.4452364317627366,1.0721671871043536E-4,2.000234587034565,1.8343739638594914
230,447649974,17,26,10088,[FEMALE],2.3163726769528328,2.4274539739083516,0.6776059693551677,20177.276740455178,0.0,5.834,7.522281487226608,-2.4349708926066023,3.366557179458874,15333,-4.653682254598981,11.717999999999996,10.217999999999996,1.4999999999999998,0.0,0.0,0.615145758805258,15.079560190008042,-0.3557467240410295,-0.6798981547698238,NaN,1.3159379599853374,0.64730781277272,6.8446755178714405,3.392269237279159E-4,2.000126560314748,2.438446463344418
230,944353813,40,49,9720,[OLD: HIGH_INCOME],2.4164544891966337,1.803337553026486,1.9404388599205236,7330.684275525656,0.0,4.757,2.917182733425382,2.1899093859345418,3.593928064881614,11858,-4.063138803027151,9.401999999999997,7.9019999999999975,1.4999999999999998,-0.10933934407055368,0.0,0.8302192030048979,4.072274660755685,2.242050803018063,-4.159881534191102,-0.0,0.6182057914931401,0.5184818829873404,0.9767438735048586,1.3324047753165852E-4,0.7541856250540798,1.8067517525141494
230,773281679,32,36,11232,[OLD: FEMALE],2.579074211931975,2.0716791623823285,4.886555480660898,16691.783877722035,0.0,5.118,6.275789184711179,3.5635405963859994,1.7774693975201317,14826,-5.97382656236131,11.867999999999999,11.117999999999999,0.75,0.0,0.0,0.6748408815011557,2.2752223000436103,2.5651123968534404,-4.300087555423358,NaN,1.1258453984703922,0.4076624158179193,1.3892337040502811,8.322859403328633E-5,1.4860918694553094,1.1113730963240638
230,718018039,23,25,2754,[YOUNG: LOW_INCOME: MALE],2.2018333887480397,2.059191263573508,0.16958921680339645,2755.588292067164,0.0,1.176,1.1763809813805377,1.5680900696951532,1.0291254363349882,5452,-3.8953155923423015,5.3568,4.9068,0.44999999999999996,-0.023185719595406606,0.0,0.12621672876702844,28.933443366793878,1.5575118161139911,-3.8690379971258086,-0.0,0.5054270528369706,0.8891033944005332,1.0067917645771414,3.653636384925539E-4,1.0005767218835018,3.5652960142122883
230,1103615378,13,17,4589,[YOUNG],2.6486446176653073,1.5340872136836259,0.12354135134173022,4589.181692032979,0.0,1.293,1.2929497343262357,-7.348584694799166,1.2937143455539184,7342,-4.711316276537691,6.255,5.505,0.75,-0.14649001087747204,0.0,0.33872692529833387,44.559978826623876,-6.284019168773596,-4.028803235114243,-0.0,0.6250587976073249,1.0982671479494566,1.1694083829845054,2.5481849738367296E-4,1.0000395929468249,2.214172963485076
230,1041323834,49,58,8762,[LOW_INCOME: FEMALE],2.0759172330886573,1.8848592534487074,2.9249389408471473,17524.96232478461,0.0,5.263,0.0,1.2831067435738555,3.271225125175606,9287,-2.2504199570513608,7.685999999999999,6.185999999999999,1.4999999999999998,0.0,0.0,1.5136576043009433,0.0,0.0,0.0,0.0,0.0,0.7726911959131156,0.0,0.0,0.0,0.0
230,1971442466,5,7,1077,[OLD: LOW_INCOME: MALE],2.7214942146121497,2.0599640705707243,0.8127885707483496,1253.657602183383,0.0,0.452,0.5062449079956675,NaN,0.452,2132,-1.8572284839031692,2.3688,1.9187999999999998,0.44999999999999996,-0.020395839038450214,0.0,0.49133844062658294,2.3607615424923174,NaN,6.058609945564497,-0.0,0.5880195132192227,1.1339306913919471,-0.3065436627526822,-2.4451944631357286E-4,1.164027485778443,0.9158656494007148
230,139552966,12,21,3590,[OLD: LOW_INCOME: MALE],2.082110877835667,2.14377707577257,0.11184018690671159,3590.8324972054465,0.0,1.084,1.083957859249528,-6.909903746854954,1.0845197975175094,6390,-4.4300696452347585,5.760000000000001,4.260000000000001,1.4999999999999998,-0.05848068806683426,0.0,0.7509918031925724,38.09006509934897,-7.108093951426677,-4.557133124180566,-0.0,0.5619456177160324,1.0396783392349995,0.9721176723428164,2.7072208828993384E-4,1.0002318933719907,1.9973586843735012
230,995974669,20,29,14688,[YOUNG: LOW_INCOME: MALE],2.6660210451495017,1.5844752057643952,0.22998866115966965,8957.793306296517,0.0,5.38,1.8994777245886925,4.571301537897108,5.21728444454566,20563,-8.893699508047792,15.203999999999999,13.703999999999999,1.4999999999999998,-0.46115699204729177,0.0,0.919321769794539,59.58554622171567,2.738144045405095,-5.327198424277609,-0.0,0.43562677169170433,0.6406016624789618,1.669489063429023,1.8637280481293572E-4,0.6098715486312988,1.6316376368801075
230,1234993938,24,26,463,[YOUNG: HIGH_INCOME],2.426056237560522,1.785427620232873,0.015584290926317579,930.0410360636554,0.0,0.171,0.22059309943171757,0.5030143209970259,0.17136573130738303,916,-1.1174809145069826,1.2744,0.8244,0.44999999999999996,0.0,0.0,0.12617232490434724,52.89942313691124,2.45362296705303,-5.450892196554315,NaN,1.0153286419908902,1.1241367521370431,0.2050088085054,2.2042985261498552E-4,2.0087279396623225,3.566550749866505
230,1945726752,39,48,8975,[OLD: LOW_INCOME: MALE],2.152596780674321,2.4640935629900325,0.051628340794404565,6237.083881163204,0.0,7.63,3.793843640926531,0.22069757649074317,3.086339823131536,11667,-0.40948036139445776,9.275999999999998,7.775999999999998,1.4999999999999998,-0.44755231518546335,0.0,0.9278979775572493,150.61495063274927,0.058975114682191326,-0.10942191417474037,-0.0,0.5345919157592529,0.32182598001508034,3.742215300132126,5.999943838231995E-4,0.6949397082075993,1.6165570313547244
230,318860166,43,45,6883,[YOUNG],2.0908296370118884,1.5174447739813681,0.28922632939698545,13767.960739905071,0.0,3.458,4.458710780419015,2.4501907232157913,2.5556660355492506,8947,-4.5460625294624935,8.501399999999999,8.0514,0.44999999999999996,0.06935260966476475,0.0,0.18961639460085966,27.8377145565777,0.587648365642711,-1.0903176598603592,0.0,1.5388354465077758,0.9187725535056115,4.169484451022029,3.0283965285702707E-4,2.0002848670499884,2.373212511224279
231,1055020071,50,54,1017,[OLD: HIGH_INCOME: FEMALE],2.8297510380292916,2.474019188373876,0.029133393941295944,2036.2879466497727,0.0,0.64,0.0,0.7082633265833775,0.4829133911284685,1911,-1.3768047754792863,2.181,1.4309999999999998,0.75,0.0,0.0,0.6600942836801961,0.0,0.0,0.0,0.0,0.0,0.9435958018899435,0.0,0.0,0.0,0.0
231,1063588677,49,51,3601,[OLD: LOW_INCOME: FEMALE],2.5784653106502056,2.1009144785493103,1.03019414490687,3601.297509054057,0.0,3.404,0.0,0.39127212248947413,1.661650525447372,5329,-1.140056483119907,5.2452,4.7951999999999995,0.44999999999999996,0.0,0.0,0.17644399830268967,0.0,0.0,0.0,0.0,0.0,0.5874391730800991,0.0,0.0,0.0,0.0
231,840409845,8,10,6247,[OLD: MALE],2.4344236453947117,1.9521489486294061,0.21548709217068934,12494.997688818346,0.0,2.726,3.5148477855080005,Infinity,1.1868182468694097,8995,-5.335757034976815,8.544599999999999,8.0946,0.44999999999999996,0.14875343598988655,0.0,0.28567766319068333,37.56419894323968,Infinity,-1.6172093720313083,0.0,1.3891048014250524,0.51818685994028,3.299360693337311,2.6405452609966286E-4,2.000159706870233,1.575201907541631
231,791476506,16,20,32048,[LOW_INCOME],2.972621640025854,2.4883484985382114,0.6925250975013014,64108.142088401335,0.0,12.942,16.68750667632966,-0.005568377101249297,10.877210488715967,37175,-14.610023045655236,28.628999999999998,27.878999999999998,0.75,-0.0023006475034602625,0.0,0.2816848906738693,40.25702476428676,-3.4813276112926814E-4,-0.9134129335287066,-0.0,1.7244960884573324,1.0149925558431883,15.99498157882836,2.4950000199307334E-4,2.00037887195461,2.6625496248868354
231,1891862690,35,39,20176,[FEMALE],2.438576217448021,1.830598402712563,0.8778724700454985,27190.347344482583,0.0,9.086,10.836235485380065,4.892947827346987,9.086579378572194,26632,-10.260090852419617,20.723999999999997,19.973999999999997,0.75,0.22151968112292086,0.0,0.2321316892599067,22.752735370508635,0.4913405767406242,-1.030298939355839,0.0,1.020965280282464,0.9717728883004398,9.958363015334566,3.662462597174324E-4,1.3476579770262977,3.230924663457995
231,267832764,33,37,9604,[OLD: LOW_INCOME: FEMALE],2.4906213173866805,2.2514401211785353,5.600600151398223,7501.284370676632,0.0,8.246,5.499072553847959,1.0400797341982797,4.203936034344213,15174,-2.0171134034083127,12.129,11.379,0.75,0.21187336361009268,0.0,0.2015437250686778,2.031746543655534,-10.24430558088757,19.867636505529244,0.0,0.4943511513560453,0.268003340295054,-0.1015275975502643,-1.3534695197951321E-5,0.7810583476339683,3.7212768581330473
231,265278591,19,28,2430,[OLD: HIGH_INCOME],2.033563696533241,2.332368091984369,1.2929628407762999,4866.221314638937,0.0,1.244,1.60421599745484,-0.0012015537780839137,0.8168106212576087,4811,-3.1525753499096876,4.703999999999999,3.2039999999999993,1.4999999999999998,0.04466201280380955,0.0,0.6786272821276139,2.478029452166085,-0.003860374593163947,-10.128653420102156,0.0,1.0114781364869958,0.8271814750867177,0.31125315667854014,6.396198128971338E-5,2.0025602117855708,2.210344381229768
231,1551447668,48,50,310,[YOUNG: HIGH_INCOME: MALE],2.0186850844173514,1.7906711722872664,0.003708247096436958,312.5802086515436,0.0,0.224,0.2254175734776501,0.256414576874564,0.13336115821900976,613,-0.7352118885858983,1.0008,0.5508,0.44999999999999996,-0.14543583546968164,0.0,0.1695769517451356,148.53379121613338,1.15653491470033,-3.31610717774567,-0.0,0.5099187743092065,0.6579358939187303,0.22170932638121313,7.092877931640547E-4,1.008323253714657,2.6536625135019767
231,407563874,23,32,3865,[YOUNG: HIGH_INCOME],2.639072709164315,1.8854919648748152,1.6304964899911014,4957.359327658376,0.0,1.602,1.8770469377300074,2.499326098747848,1.4363105970489882,7188,-4.292550020575673,6.287999999999999,4.787999999999999,1.4999999999999998,-0.0528432590166914,0.0,0.6858771638251158,2.9365288606209328,10.137179314290293,-17.41043287466033,-0.0,0.6896715814772365,1.0821206344381413,0.246550447738906,4.973422974673996E-5,1.2826285453191142,2.1869805252511196
231,840673866,4,13,4472,[YOUNG: FEMALE],2.315150813453558,1.5511222129182116,3.261100896692433,6662.0697010008125,0.0,1.062,1.3030319226711287,NaN,1.0624,8407,-5.805110190619813,7.103999999999998,5.603999999999998,1.4999999999999998,0.022044799374320023,0.0,1.0805540042680852,1.7184380911623578,NaN,2.964711799042403,0.0,0.7924431665279901,1.2127235595274444,-1.9580689740213044,-2.939130123071442E-4,1.4897293606889115,1.388176800118405
231,664681092,25,27,11894,[MALE],2.64014859995685,2.499870662958849,1.8135298243383993,23793.688027601027,0.0,5.269,6.793904014928593,4.964837311142586,4.360533573386308,16413,-9.095705643224264,15.220799999999997,14.770799999999998,0.44999999999999996,0.11142308363910725,0.0,0.17738392018201551,8.14477920449342,0.9968803790934097,-1.8263096898240065,0.0,1.449685494888261,1.0056229298410035,4.980374190590194,2.09314931960648E-4,2.0004782266353645,2.536870306723688
231,670661143,37,39,1341,[YOUNG: FEMALE],2.253988012041032,2.305965924703952,0.05729134179548497,1343.0501058385491,0.0,0.724,0.7250483622988821,0.8696407368963333,0.5958858777865265,2655,-1.9676985156410787,2.8385999999999996,2.3886,0.44999999999999996,0.0,0.0,0.16328819046144386,41.69216368725791,1.3023311027725977,-2.9467283086858513,NaN,0.5058569136868358,0.7997635609918097,0.6677570205033971,4.971944215636506E-4,1.0015287888430642,2.755863720017495
231,1853555884,12,21,3976,[HIGH_INCOME],2.1622221972532447,1.634957889352994,3.1666725111759777,7952.801299756694,0.0,1.537,1.9817758790630213,-0.8925461002924951,1.3894255992317641,5804,-3.539409178801174,5.364,3.8640000000000003,1.4999999999999998,0.04903713958127254,0.0,0.6959373602239919,1.220208274257278,0.7532691680462205,2.9871037547718857,0.0,1.370227653300602,1.1360410213437293,-1.1848966321129564,-1.48991102311233E-4,2.0002015341440376,2.155366396075094
231,1655502282,22,24,1440,[OLD: LOW_INCOME: FEMALE],2.364602132982113,1.7023991437863137,0.012507411823227867,1442.5336060114391,0.0,0.92,0.9212383939326125,-2.464881897093921E-4,0.5016546277815351,2649,-1.684004845592525,2.8331999999999997,2.3831999999999995,0.44999999999999996,-0.15299312514635166,0.0,0.21970567841361363,190.5430183064806,-2.7124439967616523E-4,-1.853139024360699,-0.0,0.5445577976638124,0.6018272492567082,0.9087309821093846,6.299548089018167E-4,1.0017594486190549,2.048194672296265
231,890938839,38,47,21905,[LOW_INCOME: FEMALE],2.6142050902180616,1.5902613725238688,2.3407840419607444,33061.935704838506,0.0,13.633,16.77924932146383,1.6316582255710008,9.716656333599364,27162,-4.141537628719558,19.608,18.108,1.4999999999999998,0.041073561457192875,0.0,0.9086145731356087,7.735869552849453,0.11300773274617426,-0.2868405712481717,0.0,1.2172128600559056,0.8577054582925238,14.438465279503085,4.3670961701707206E-4,1.509332832907487,1.6508650029941003
231,1504763382,29,38,29048,[LOW_INCOME: MALE],2.571935972977861,2.3004930599388387,15.929157549005872,20693.67296460989,0.0,27.746,14.722475842799083,-2.5944295801040074,10.610030860730937,36600,6.0193149594974145,25.895999999999997,24.395999999999997,1.4999999999999998,0.002984320758883552,0.0,0.546616435918387,1.5315310885052131,2.150052964886335,-4.988320390154225,0.0,0.5654009006724013,0.2021632526403274,-1.2066817062067887,-5.831162540697553E-5,0.7123957919515935,2.7441545870822632
231,2143397528,31,35,5882,[YOUNG: MALE],2.8860396889568483,1.9412443552760354,0.52826072814937,5885.08667132717,0.0,3.744,3.7457620174606374,2.069338926338461,2.3830741920454916,10587,-4.013241626834864,8.687999999999999,7.938,0.75,-0.12387971426454647,0.0,0.22421453279663334,15.026670689318147,0.643150923734803,-1.247316245114522,-0.0,0.5558785936834958,0.6893804661264111,3.2175012893112673,5.467211392123262E-4,1.0005247656115555,3.3450106496007717
231,1889894986,44,48,20030,[LOW_INCOME],2.154022113629879,1.5791194418063959,16.99288167953428,38205.96119204859,0.0,17.256,22.12138594471686,-0.09690966390781992,8.484352439021377,24837,0.2671111204050405,19.377,18.627,0.75,0.04712987258051693,0.0,0.30812426454358505,1.0961648736973084,-0.018896282209559558,0.05208363035173005,0.0,1.5382679547468934,0.61485865988274,5.128504265182581,1.3423309099340036E-4,1.9074369042460604,2.4340828889634896
231,598373433,1,5,3312,[HIGH_INCOME: MALE],2.1921724597207013,1.5670711122006045,4.885867358205445,3580.8009166868624,0.0,3.312,3.540329475159702,0.0,0.0,3312,0.0,0.0,0.0,0.0,0.041468726437512204,0.0,0.5559392420924402,0.0,-0.0,-0.0,0.0,1.0811596970672894,0.0,-1.345537883045743,-3.75764504744012E-4,1.0811596970672894,0.0
231,747426918,11,20,9912,[MALE],2.916103920350838,1.7796630173524035,3.350100512093667,9914.802815270648,0.0,6.31,6.3110273768127785,Infinity,2.671668966141315,13876,-3.2588578407588003,10.745999999999999,9.245999999999999,1.4999999999999998,0.0,0.0,0.698536060975354,2.7599171925207853,Infinity,-1.1006208493663527,NaN,0.7145288855052355,0.5113285076782916,2.9609268647191116,2.98636989548469E-4,1.0002827699022043,2.1473479807264
231,1531476198,34,36,19228,[LOW_INCOME],2.0506431731950574,1.8971556963683045,8.792932374314285,5887.079224449688,0.0,8.785,0.7981903543907595,6.101715493620406,8.785142850899033,24996,-12.926392877729608,22.946399999999997,22.496399999999998,0.44999999999999996,-0.3846289624495728,0.0,0.10527614889656182,2.5584638937649484,-0.7632160585562926,1.6168617880997311,-0.0,0.23552085231435782,0.31381898234880506,-7.9947420199235255,-0.0013580150215611983,0.30617220846940335,4.274472468043484
231,160708435,47,51,2020,[OLD: HIGH_INCOME: MALE],2.3966571220650033,2.480588999254631,0.022309936405687528,2020.1179333128587,0.0,0.879,0.0,0.8871580213542855,0.8797891210205991,3716,-2.4452646258856774,3.537,2.787,0.75,0.0,0.0,0.297372334342754,0.0,0.0,0.0,0.0,0.0,0.9725832782319134,0.0,0.0,0.0,0.0
231,666274791,32,36,10412,[OLD: MALE],2.3879518202800716,1.614849417463324,3.7360693506672296,6386.493405784521,0.0,9.007,3.2271045650496575,0.9865181689146096,4.3168944897495685,16242,-1.913236991159496,12.93,12.18,0.75,0.0,0.0,0.19664381200637132,3.2601107893847736,-1.938283741413622,3.759075372646844,NaN,0.3932085584154982,0.1504053966012035,-0.5089647856175721,-7.96939342576602E-5,0.6133781603711603,3.814002547792858
231,1486045175,42,46,4970,[HIGH_INCOME],2.626344384885701,2.029013683820677,2.8712285676847022,9942.468141942074,0.0,2.98,3.8424393580334435,1.137363945155903,2.0966260243759125,8051,-3.134904667380397,6.786,6.036,0.75,0.1906231571486865,0.0,0.37062624570968966,2.1022359793763483,1.171078365745401,-3.227831381748466,0.0,1.2349358020049774,0.8177784858970264,0.9712107903487412,9.76830678744356E-5,2.0004966080366344,2.0236019674318277
239,1752264172,7,16,10088,[FEMALE],2.823681012529336,2.3419681474844825,1.1321267709996656,15883.301853153062,0.0,1.118,1.388890961145099,NaN,1.1080266824925817,13517,-9.307350280725192,10.506,9.006,1.4999999999999998,0.6569831141115283,0.0,0.8101941768095875,7.954939526823238,NaN,-36.248630603252856,0.0,1.1750611713511179,0.7971407270773131,0.2567641901454334,1.6165668355315054E-5,1.5744748070135866,1.8514080240699273
239,1884365869,1,5,7020,[FEMALE: OLD],2.666752358759759,2.4508186384420614,0.867270588097868,1094.279018486827,0.0,7.02,0.2552213951952705,0.0,0.0,7020,0.0,0.0,0.0,0.0,-0.5781793893764227,0.0,0.47496801338636974,0.0,-0.0,-0.0,-0.0,0.15588020206365058,0.0,-0.6120491929025975,-5.5931730624694E-4,0.15588020206365058,0.0
239,1178775084,6,15,35048,[FEMALE: LOW_INCOME],2.2923292227637706,2.3561469799200845,0.007772437549662309,5631.5957137171135,0.0,4.953,0.1869503928976174,NaN,4.529152,46263,-26.930915713225076,32.339999999999996,30.839999999999996,1.4999999999999998,-0.16437427273880753,0.0,0.7373172872448155,3967.8671977673093,NaN,-150.30261764582878,-0.0,0.12173001564354048,0.13472481066186007,0.17917795534795508,3.181655155243545E-5,0.16068237028409935,2.034402320343191
239,1732720040,3,12,21905,[FEMALE: LOW_INCOME],2.870905262393938,2.4665240358470513,9.718381097480602,11338.869920840498,0.0,4.423,1.0538103540825252,NaN,4.1344,36800,-20.757399590135133,26.028,24.528,1.4999999999999998,-0.11011368329331583,0.0,0.734327460759558,2.5238771513455722,NaN,2.3956639289893413,-0.0,0.30812146524023093,0.2913681031775341,-8.664570743398077,-7.641476446848428E-4,0.5176384350988587,2.042685423269425
241,871186015,1,5,10490,[LOW_INCOME: OLD],2.597143968738696,1.9551039008670177,0.0,0.0,0.0,10.49,0.0,0.0,0.0,10490,0.0,0.0,0.0,0.0,-0.6,0.0,0.7928641796144729,NaN,NaN,NaN,-0.0,0.0,0.0,0.0,NaN,0.0,0.0
86,1613488,24,33,2430,[OLD: HIGH_INCOME],2.331461506141867,1.7460531070748755,32.72660037136582,1380.0858105965629,0.0,0.729,0.21556759388431043,Infinity,0.5120938728449117,2381,-2.401510925240202,3.0839999999999996,1.5839999999999996,1.4999999999999998,-0.11551177800673257,0.0,2.4405683780448806,0.04840099436010843,-Infinity,0.07386756802458727,-0.0,0.5796244479615972,0.2618461254182092,-32.51103277748151,-0.023557254576386178,0.567936547570602,0.614610929771055
86,8519700,1,5,9077,[LOW_INCOME: MALE],2.879612492769623,2.198848734115424,28.374783444695943,3703.1480799009923,0.0,9.077,1.3352390480797882,0.0,0.0,9077,0.0,0.0,0.0,0.0,-0.5117326872132516,0.0,0.6875032464000002,0.0,-0.0,-0.0,-0.0,0.40797048362906163,0.0,-27.039544396616154,-0.007301772387492289,0.40797048362906163,0.0
87,2074117,1,5,3312,[MALE: HIGH_INCOME],2.30518133947939,1.9390783970663847,12.116932039255758,204.39663853766214,0.0,3.312,0.04185655037121565,0.0,0.0,3312,0.0,0.0,0.0,0.0,-0.5924013783129505,0.0,0.6576144870857143,0.0,-0.0,-0.0,-0.0,0.06171396091112987,0.0,-12.075075488884542,-0.05907668333136304,0.06171396091112987,0.0
88,10399297,1,5,7020,[FEMALE: OLD],2.1605475207030285,1.690012028314546,0.0,0.0,0.0,7.02,0.0,0.0,0.0,7020,0.0,0.0,0.0,0.0,0.0,0.0,0.0,0.0,0.0,0.0,0.0,0.0,0.0,0.0,0.0,0.0,0.0
248,2051641964,1,5,6507,[OLD: MALE],2.327062084270717,2.2722405126951926,4.229431006906175,13015.422486769101,0.0,6.507,8.390065097719283,0.0,0.0,6507,0.0,0.0,0.0,0.0,0.1736373020910409,0.0,0.7722209174149015,0.0,0.0,0.0,0.0,2.0002186086935763,0.0,4.160634090813108,3.196695378150516E-4,2.0002186086935763,0.0
94,10108880,10,14,517,[MALE: HIGH_INCOME: YOUNG],2.88593373975042,2.3762743622688403,1.0395934837809895,520.6219660544889,4621.6974635166725,0.299,0.41004374845417585,Infinity,0.22177037037037037,1023,-1.2015115407420205,1.5150000000000001,0.765,0.75,-0.07747563666480484,0.0,0.6074999999999999,0.7358645585365771,-Infinity,1.908525209876053,-0.0,5.026705209746981,0.23526274018269192,-0.6295497353268136,-1.2242524875186802E-4,9.946459244818495,1.234567901234568
94,19805767,8,10,1188,[LOW_INCOME: YOUNG: FEMALE],2.1068707106619153,2.0197656820081664,1.3400348172647223,28.062777178481007,365.71746696334617,0.637,0.06538176403243019,Infinity,0.637,2352,-1.841258015122465,2.5667999999999997,2.1167999999999996,0.44999999999999996,-0.7012823820051703,0.0,0.50625,1.5796604481671674,-Infinity,1.4445170083367893,-0.0,0.16742357318955237,0.47214224522160203,-1.2746530532322922,-0.00323696547044956,0.331464851971235,0.8888888888888888
94,27258708,12,14,6294,[OLD: LOW_INCOME],2.8983153036005596,2.1517742561822573,0.0,0.0,0.0,3.814,0.0,-46.41009978245226,2.8059453685794113,10322,-5.076570180365252,9.739799999999999,9.2898,0.44999999999999996,0.0,0.0,0.30374999999999996,Infinity,-Infinity,-Infinity,NaN,0.0,0.23335619783312486,0.0,NaN,0.0,1.4814814814814814
94,16045733,1,5,10490,[OLD: LOW_INCOME],2.5315202655277025,2.1532953742485077,30.354817334188354,20932.513951644887,0.0,10.49,13.522002033499382,0.0,0.0,10490,0.0,0.0,0.0,0.0,0.17342462722677232,0.0,0.7087500000000001,0.0,-0.0,-0.0,0.0,1.9954732079737738,0.0,-16.83281530068897,-8.041468568741234E-4,1.9954732079737738,0.0
95,25274178,1,5,9077,[LOW_INCOME: MALE],2.1534260284947533,1.9211604104334525,19.04541134534298,908.6345947927902,0.0,9.077,0.19596851586187503,0.0,0.0,9077,0.0,0.0,0.0,0.0,-0.5870359848911525,0.0,0.7520400000000002,0.0,-0.0,-0.0,-0.0,0.10010296296053654,0.0,-18.849442829481106,-0.020744799876103805,0.10010296296053654,0.0
96,8761416,1,5,5882,[MALE: YOUNG],2.027352729549575,1.6403841360249687,0.0,0.0,0.0,5.882,0.0,0.0,0.0,5882,0.0,0.0,0.0,0.0,-0.6,0.0,0.54,NaN,NaN,NaN,-0.0,0.0,0.0,0.0,NaN,0.0,0.0
97,10726525,1,5,10952,[LOW_INCOME: FEMALE],2.3603317276364457,2.2146616121076486,0.0,0.0,0.0,10.952,0.0,0.0,0.0,10952,0.0,0.0,0.0,0.0,0.0,0.0,0.0,0.0,0.0,0.0,0.0,0.0,0.0,0.0,0.0,0.0,0.0
99,22750845,1,5,7020,[FEMALE: OLD],2.4502053579249785,1.636027311725457,1.474964856326239,14041.538327984168,0.0,7.02,9.051516644207926,0.0,0.0,7020,0.0,0.0,0.0,0.0,0.17363732559378242,0.0,0.0,0.0,0.0,0.0,0.0,2.0002191350404797,0.0,7.576551787881686,5.395813201450977E-4,2.0002191350404797,NaN
100,21424492,1,5,5882,[YOUNG: MALE],2.1431497799952717,2.1661876380532865,12.249335493323624,5326.426211303157,0.0,5.882,5.2054307376860125,0.0,0.0,5882,0.0,0.0,0.0,0.0,-0.0689510557223374,0.0,0.0,0.0,-0.0,-0.0,-0.0,0.9055467887288605,0.0,-7.0439047556376115,-0.0013224448206359848,0.9055467887288605,NaN
101,17059311,1,5,1932,[YOUNG: HIGH_INCOME],2.2049123305019336,2.2777972514571805,3.2803225752669927,3243.0638312790443,0.0,1.932,2.4296394739108935,0.0,0.0,1932,0.0,0.0,0.0,0.0,0.15454902330047382,0.0,0.0,0.0,-0.0,-0.0,0.0,1.6786044675357372,0.0,-0.8506831013560991,-2.623084668119514E-4,1.6786044675357372,NaN
102,30847760,1,5,3037,[OLD: HIGH_INCOME],2.6831914172592217,1.706940821045372,12.184256212229059,3153.9494753599915,0.0,3.037,3.1442983753237037,0.0,0.0,3037,0.0,0.0,0.0,0.0,0.021358697072193955,0.0,2.657205000000001E-4,0.0,-0.0,-0.0,0.0,1.0385082236944325,0.0,-9.039957836905355,-0.0028662341954205006,1.0385082236944325,0.0
103,6282953,1,5,9077,[LOW_INCOME: MALE],2.4642796027888356,1.6052932028906357,36.45726892197561,5640.162812211187,0.0,9.077,3.362692915412008,0.0,0.0,9077,0.0,0.0,0.0,0.0,-0.37770561593027463,0.0,0.7740000000000001,0.0,-0.0,-0.0,-0.0,0.6213686033062892,0.0,-33.09457600656361,-0.005867663241017169,0.6213686033062892,0.0
104,31508221,33,37,12390,[MALE],2.313526948224923,1.802458339795408,15.57127840012662,12527.897039498952,0.0,14.654,14.811858997800298,132.35604086828837,14.654398403798261,14868,4.599077604657637,11.901,11.151,0.75,-0.10319955722408847,0.0,0.3052669104,0.7161261723963092,-174.28583002072844,-6.056044381496356,-0.0,0.8426080871333704,1.0796706673668313,-0.759419402326321,-6.061826657195242E-5,1.0111297045600445,2.4568663502285704
104,9119712,1,5,7020,[OLD: FEMALE],2.8839435491119065,1.7377973808313634,27.19710371393439,7312.044112324387,0.0,7.02,7.2883095329923195,0.0,0.0,7020,0.0,0.0,0.0,0.0,0.022935621987798527,0.0,0.804,0.0,-0.0,-0.0,0.0,1.0416017254023344,0.0,-19.90879418094207,-0.0027227398898463932,1.0416017254023344,0.0
104,979878,27,29,1440,[OLD: FEMALE: LOW_INCOME],2.8905170159471427,1.561448099797515,0.10382690573697022,2881.2608519548435,0.0,1.472,1.8980422886586794,Infinity,1.4720272956624298,2188,-0.6294412640423888,2.4192,1.9691999999999998,0.44999999999999996,0.1599052499894622,0.0,0.3,18.9661820895315,Infinity,-0.3508170033730307,0.0,1.3168468244766196,1.1828628056899984,1.7942153829217091,6.227188287045899E-4,2.000875591635308,1.5
105,8637164,29,33,1215,[OLD: HIGH_INCOME],2.3980178305724773,2.0995144907683203,0.0,0.0,0.0,0.551,0.0,-0.35913710634507057,0.5511124563345968,1822,-1.4556146751386878,2.1149999999999998,1.3649999999999998,0.75,-0.27264812658498605,0.0,0.8,Infinity,-Infinity,-Infinity,-0.0,0.0,0.1818025151328225,0.0,NaN,0.0,0.9375
105,23452977,10,19,43288,[OLD],2.47197300663652,1.5260814584190898,0.0,0.0,0.0,49.175,0.0,Infinity,49.17563376504533,54542,18.807497270151657,37.86,36.36,1.4999999999999998,-0.6816203164624652,0.0,1.3396521206048548,Infinity,Infinity,Infinity,-0.0,0.0,0.4544194007683104,0.0,NaN,0.0,1.1196936704155311
105,17964305,1,5,5590,[FEMALE: YOUNG],2.6451473628424456,2.155329144697059,2.2169196210260886,8320.874306583093,0.0,5.59,6.857206822411667,0.0,0.0,5590,0.0,0.0,0.0,0.0,0.1360338607707754,0.0,0.8236000000000001,0.0,0.0,0.0,0.0,1.4885284984942921,0.0,4.640287201385579,5.576682245655841E-4,1.4885284984942921,0.0
249,788694856,39,48,3976,[HIGH_INCOME],2.729324030270394,2.126186205905496,1.9587395177852385,6492.44876635431,0.0,1.589,0.0,NaN,1.5894000000000001,2465,-2.5999783764217286,3.1379999999999995,1.6379999999999997,1.4999999999999998,0.0,0.0,1.7155700226074366,0.0,0.0,0.0,0.0,0.0,0.40010069225928263,0.0,0.0,0.0,0.0
249,48033987,1,5,7020,[FEMALE: OLD],2.711028226441465,1.8229486983799343,0.0,0.0,0.0,7.02,0.0,0.0,0.0,7020,0.0,0.0,0.0,0.0,-0.6,0.0,0.7731717847441354,NaN,NaN,NaN,-0.0,0.0,0.0,0.0,NaN,0.0,0.0
110,25969149,47,49,729,[OLD: HIGH_INCOME],2.6261021019092197,1.9308954338080881,0.022729859329052447,1463.088251716424,0.0,0.605,0.780381720670806,-0.013006100642431767,0.4260201175926449,947,-0.60223034615926,1.3014,0.8513999999999999,0.44999999999999996,0.5129569332647066,0.0,0.13958532144179966,37.457336962564156,-0.017166328370656656,-0.7948642072795123,0.0,1.544971754716393,0.6674959036853756,0.7576518613417536,5.178442656845294E-4,2.006979769158332,3.223834679405228
110,32145780,44,53,4136,[MALE: YOUNG: HIGH_INCOME],2.2683358281777872,1.9793894669484908,2.956456101802388,1013.125037685292,8786.19918224726,2.496,0.0,-0.03952144743492809,2.4965560489095373,4301,-1.8299885279837136,4.361999999999999,2.8619999999999997,1.4999999999999998,0.0,0.0,0.9099734051487176,0.0,0.0,0.0,0.0,0.0,1.0876618413359733,0.0,0.0,0.0,0.0
110,5951699,17,19,3354,[FEMALE: YOUNG],2.2266011605441576,1.5643778635619205,3.1525517404091343,3665.662241506939,0.0,3.131,3.372931421033487,0.14963973993636823,3.1311025186457244,3421,-0.397121718348457,3.5279999999999996,3.0779999999999994,0.44999999999999996,0.08613888969499828,0.0,0.3,0.9763519375579036,0.6790087884347015,-1.8019888096006869,0.0,1.0715177554828819,1.0200132287513324,0.22037968062435276,6.012001818633338E-5,1.0929225526258017,1.5
110,28729094,46,48,1561,[OLD: MALE],2.4821806517501823,2.3286479962812656,0.0,0.0,0.0,1.226,0.0,-0.014783434559301173,0.8950904725002033,1685,-0.6845274503739425,1.9656,1.5156,0.44999999999999996,-0.6524517542060504,0.0,0.11187307490646681,Infinity,-Infinity,-Infinity,-0.0,0.0,0.31756571449476906,0.0,NaN,0.0,4.022415584591997
110,29994396,52,54,994,[FEMALE: HIGH_INCOME],2.9771689185408903,2.4881330841709772,0.0,0.0,0.0,0.592,0.0,0.1848656736991918,0.5337988620864671,1093,-0.8097271991558779,1.4327999999999999,0.9827999999999999,0.44999999999999996,-0.7805344852011756,0.0,0.1896721829584259,Infinity,Infinity,-Infinity,-0.0,0.0,0.1509336878898136,0.0,NaN,0.0,2.3725144772474893
110,23807861,1,5,10490,[OLD: LOW_INCOME],2.560458538661936,1.5659768905131866,0.0,0.0,0.0,10.49,0.0,0.0,0.0,10490,0.0,0.0,0.0,0.0,-0.6,0.0,0.7184250000000001,NaN,NaN,NaN,-0.0,0.0,0.0,0.0,NaN,0.0,0.0
110,3754749,9,11,484,[OLD: MALE: HIGH_INCOME],2.4331013610754724,1.539193992794474,7.426515566552841E-4,970.3209180102837,0.0,0.192,0.24761968900612663,NaN,0.1926,300,-0.6551751117343587,0.72,0.27,0.44999999999999996,0.5338409417548373,0.0,0.41800000000000004,363.5621545264271,NaN,-2.6538519681825585,0.0,3.234403060034279,0.9367591946978212,0.24687703744947134,2.5442823386278364E-4,2.004795285145214,1.0765550239234447
110,5045651,20,29,3256,[OLD: FEMALE: HIGH_INCOME],2.805399485663663,1.965902296607145,3.9483787176308254,3867.5903015447293,0.0,3.039,3.4410337969275178,0.3029311957677737,3.0395861063537506,4297,-0.8039345501122023,4.361999999999999,2.8619999999999997,1.4999999999999998,0.06743975889358178,0.0,1.167391067022445,0.7248544794399324,-0.5970912162633557,1.5845916994650244,0.0,0.9000675591214171,1.0876293118080744,-0.5073449207033076,-1.311785585201908E-4,1.1878348591967842,1.2849164623350333
111,8364535,8,10,3601,[OLD: FEMALE: LOW_INCOME],2.347602124920677,1.8142432475546093,0.017531038372556075,1437.4672958113156,0.0,1.439,0.20332392099266205,NaN,1.4394000000000002,2232,-1.9715993084070558,2.4588,2.0088,0.44999999999999996,-0.15517287055677575,0.0,0.38,114.58534042938788,NaN,-10.611812899412406,-0.0,0.6440265662237077,0.24489518423945592,0.185792882620106,1.2925016322910032E-4,0.3991855861736505,1.1842105263157894
111,11042912,1,5,7020,[OLD: FEMALE],2.8659311927373774,2.0224089468510185,0.0,0.0,0.0,7.02,0.0,0.0,0.0,7020,0.0,0.0,0.0,0.0,-0.6,0.0,0.74475,NaN,NaN,NaN,-0.0,0.0,0.0,0.0,NaN,0.0,0.0
112,29919446,30,32,1561,[OLD: MALE],2.83465275862193,1.8740294569690161,0.030114261708046076,3128.6091759450937,0.0,0.623,0.8034610030336796,NaN,0.6234000000000001,967,-1.1086648310300804,1.3194,0.8694,0.44999999999999996,0.5338160418491946,0.0,0.36000000000000004,28.87004198969651,NaN,-1.4335934604568978,0.0,3.2353766038728993,0.9344156027107351,0.7733467413256335,2.471854737471388E-4,2.0042339371845572,1.2499999999999998
112,26372283,1,5,3312,[HIGH_INCOME: MALE],2.1574242296377895,1.9529660487822162,0.0,0.0,0.0,3.312,0.0,0.0,0.0,3312,0.0,0.0,0.0,0.0,-0.6,0.0,0.74475,NaN,NaN,NaN,-0.0,0.0,0.0,0.0,NaN,0.0,0.0
113,18232083,15,17,1341,[FEMALE: YOUNG],2.8752645497579596,1.897518023691188,0.7370953068400551,1344.4709402899214,3809.5004667988715,0.535,0.7199454596657424,NaN,0.5354,831,-1.0160796364334705,1.1969999999999998,0.7469999999999999,0.44999999999999996,0.36152148554788854,0.0,0.11166666666666666,1.013437466048192,NaN,59.2471539895336,0.0,6.202131657146562,0.762090847406242,-0.01714984717431267,-3.3275014197255156E-6,3.843379125345856,4.029850746268656
113,19390410,1,5,3312,[HIGH_INCOME: MALE],2.4037460284946652,2.452124306687973,0.0,0.0,0.0,3.312,0.0,0.0,0.0,3312,0.0,0.0,0.0,0.0,-0.6,0.0,0.7074900000000001,NaN,NaN,NaN,-0.0,0.0,0.0,0.0,NaN,0.0,0.0
113,29879703,17,26,64096,[LOW_INCOME],2.4747885770326317,2.035354189511098,105.51614786617081,36845.22062497805,0.0,25.637,7.808392739601218,NaN,25.637400000000003,39739,-19.304360311604544,27.99,26.49,1.4999999999999998,-1.739904151221161E-5,0.0,1.0616666666666665,0.2510516213461283,NaN,0.19757244741318516,-0.0,0.9271803675225359,0.3045959475464099,-97.7077551265696,-0.002651843399746987,0.5748443058065722,1.41287284144427
113,4167385,16,20,3631,[LOW_INCOME: MALE],2.957588328047922,1.6470107442673643,0.0,0.0,0.0,1.451,0.0,NaN,1.4514000000000002,2251,-1.9447336341620718,2.436,1.6859999999999997,0.75,-0.45691289132873314,0.0,0.4116666666666666,Infinity,NaN,-Infinity,-0.0,0.0,0.3046925662644261,0.0,NaN,0.0,1.8218623481781377
114,24691233,3,7,19824,[MALE],2.8517928962580203,2.063051340363615,6.4317148729943785,9844.477847392913,0.0,19.823,4.311753401306604,NaN,19.823,21806,4.0727738392245385,17.102999999999998,16.352999999999998,0.75,-0.10947874193650564,0.0,0.5650965,2.542556739985991,NaN,-1.9211546500333627,-0.0,0.45145729833040965,0.2905212580634944,-2.119961471687774,-2.1534524273922746E-4,0.4965939188555747,1.327206946070273
114,8092067,1,5,10490,[OLD: LOW_INCOME],2.955732142947863,1.8541137374421617,0.0,0.0,0.0,10.49,0.0,0.0,0.0,10490,0.0,0.0,0.0,0.0,-0.6,0.0,0.39323250000000004,NaN,NaN,NaN,-0.0,0.0,0.0,0.0,NaN,0.0,0.0
115,28616113,1,5,5882,[YOUNG: MALE],2.7849458814912285,1.5048665619410737,0.0,0.0,0.0,5.882,0.0,0.0,0.0,5882,0.0,0.0,0.0,0.0,-0.6,0.0,0.4643562218692943,NaN,NaN,NaN,-0.0,0.0,0.0,0.0,NaN,0.0,0.0
115,7862349,4,8,20030,[LOW_INCOME],2.6651716385592046,2.1556697377346032,21.260422868955445,7766.178912305705,0.0,20.029,2.6874385712838045,NaN,20.029,22033,4.122215514926591,17.273999999999997,16.523999999999997,0.75,-0.15949028406288196,0.0,0.7398434847599068,0.7772187835514979,NaN,-0.22194685834324232,-0.0,0.3524794132576456,0.24050971593711806,-18.57298429767164,-0.002391521558722048,0.3877273545834101,1.013727924147888
116,27840727,51,53,12986,[OLD],2.782383759652671,2.102078347699519,0.11428001047736269,5990.010848749386,0.0,14.879,2.774081444147861,-39.388137495786836,14.87941044694518,15323,2.3308335571708496,14.239799999999999,13.7898,0.44999999999999996,-0.08007515043758454,0.0,0.2624096154390488,120.66677227625536,-14.808675939929701,0.8763186332877201,-0.0,0.3909163250505375,0.23983346774022898,2.6598014336704985,4.4403950190270865E-4,0.46126681416520765,1.7148761841180464
116,15075994,48,50,5724,[LOW_INCOME: YOUNG],2.9490243235388185,1.9373161614767027,0.15525290547108533,4189.551357835173,1330.6816680209956,5.851,5.626332496808819,5.502313268967636,5.851142679363568,7441,-0.35330402731879107,7.146,6.696,0.44999999999999996,-0.3461259771382966,0.0,0.35316041672498477,43.129627620702266,1.0057088691744414,-0.06457665647529079,-0.0,0.7418670912318464,0.799774508391947,5.471079591337733,9.910957681880082E-4,0.9644012973193866,1.2742084862540717
116,5554225,15,19,1795,[OLD: LOW_INCOME: MALE],2.394534882707775,2.4200774924278963,0.13887350374803384,2.394534882707775,3864.381786169375,0.717,0.9318188989263745,NaN,0.717,1112,-1.3410757477028006,1.5839999999999999,0.8339999999999999,0.75,-0.23984761741208419,0.0,0.6065131526539097,6.005465243486431,NaN,-1.691258636291318,-0.0,3.477316835478492,0.16015238258791584,0.7929453951783406,2.050662695075659E-4,2.1541929365192662,1.2365766458950431
116,23263944,33,35,19228,[LOW_INCOME],2.5649746762923997,1.5915352021434044,5.752198254391739,15551.119898429894,0.0,15.983,11.521947605831652,1.1229637750663184,15.983120142719383,23073,-3.3513988171140596,21.2148,20.7648,0.44999999999999996,-0.066236629918205,0.0,0.28013174122649775,3.6098894860145525,0.19462955956415484,-0.580856916475527,-0.0,0.6739964416603776,0.7650630746970469,5.769749351439914,3.710182539343968E-4,0.808774698274906,1.6063870450016475
116,21557709,50,52,3529,[YOUNG: MALE],2.122030327263376,1.6922555700727868,0.0,0.0,0.0,4.042,0.0,-0.10894663675605513,4.0428139894709325,4799,0.0064470293097529385,4.768199999999999,4.318199999999999,0.44999999999999996,-0.4798530035958998,0.0,0.17951162340324495,Infinity,-Infinity,Infinity,-0.0,0.0,0.31996642517353613,0.0,NaN,0.0,2.506801462037614
116,30945824,45,47,9158,[LOW_INCOME: YOUNG],2.267296362078414,2.281021278872194,7.949233390639237,13700.507381050003,0.0,9.362,11.49840332551741,0.24305597051070998,9.362019332217255,11355,-0.015606645613877035,10.668599999999998,10.218599999999999,0.44999999999999996,0.12349407199177587,0.0,0.29352829651073065,1.2854824481607365,0.06848248322013721,-0.0043972663750214995,0.0,1.206561636376046,1.145883349337414,3.549169934878173,2.5905390480554345E-4,1.4960152195948901,1.533071957113849
116,14372049,28,37,40060,[LOW_INCOME],2.387514935349886,1.9426930884110003,8.193068171001162,54167.62436782142,0.0,33.3,39.75805157833967,-1.578040173302653,33.30063578725496,43264,4.709539245691738,30.342,28.842,1.4999999999999998,0.25732958730714417,0.0,1.1562016831378383,3.5202929352015406,-0.049993378831803104,0.1492013851208559,0.0,1.2520253413420261,1.0224064312768566,31.564983407338506,5.827278522129514E-4,1.352162365647065,1.2973515104467936
116,8000880,19,23,5044,[FEMALE],2.5971702540691535,1.5810805137136859,2.084814251844121,9437.803334643284,0.0,2.016,2.5778734017721203,NaN,2.0166000000000004,4741,-2.4969056787400636,4.305,3.5549999999999997,0.75,0.671141571162832,0.0,0.6827730897338395,1.705187882736041,NaN,-5.0641098113779695,0.0,1.9906777757104586,0.8315413626655548,0.4930591499279995,5.224299897393819E-5,1.8710950306588587,1.0984615698494606
116,3724491,1,5,7020,[OLD: FEMALE],2.8104566033497895,2.136109346727969,0.0,0.0,0.0,7.02,0.0,0.0,0.0,7020,0.0,0.0,0.0,0.0,-0.6,0.0,0.7264640000000001,NaN,NaN,NaN,-0.0,0.0,0.0,0.0,NaN,0.0,0.0
117,9843618,37,41,32048,[LOW_INCOME],2.7016775587009083,2.4275882773022026,79.3706154594104,81.1598683497435,0.0,7.669,0.0036954948313309356,-36.263930279831186,5.6939391584031425,20510,-13.359351900330488,16.131,15.380999999999998,0.75,-0.19162158418006892,0.0,0.25,0.19378708242303777,0.45691492495885616,0.16832393025069736,-0.0,0.0039570876816062165,0.09520627937540492,-79.36691996457907,-0.9779084365016704,0.0025324472151068245,3.0
117,12549067,34,43,20980,[LOW_INCOME: OLD],2.985817901949371,1.9002284952840285,71.56053511036043,53.72750597261911,1.9002284952840285,4.292,0.0021454371420710256,-48.730982292599386,4.110696430348091,13427,-8.882786506245923,10.446,8.946,1.4999999999999998,-0.07664536978788254,0.0,0.6499999999999999,0.125013039466565,0.6809960720907275,0.12413340415862403,-0.0,0.004142975680934173,0.04940610925168041,-71.55838967321836,-1.2863797233106287,0.0026514649412727903,2.3076923076923075
117,28850292,14,18,1980,[LOW_INCOME: YOUNG: FEMALE],2.1065885517723495,2.108095888154537,4.2214834963843835,12.657082440333784,9.655575103951598,0.795,0.0017016702498965472,Infinity,0.7953787205116413,1227,-1.3986488415951555,1.668,0.9179999999999999,0.75,-0.24059221758819438,0.0,0.4083333333333334,0.21745909957630977,-Infinity,0.3314505107664255,-0.0,0.018184724974967714,0.16169624927662885,-4.219781826134487,-0.18912053921677469,0.011269018961760295,1.8367346938775508
117,20454674,1,5,5882,[MALE: YOUNG],2.0733593326240145,1.851132977900007,25.224907207597468,111.46945336950918,0.0,5.882,0.021586413266229936,0.0,0.0,5882,0.0,0.0,0.0,0.0,-0.5977885249941206,0.0,0.6791214960000002,0.0,-0.0,-0.0,-0.0,0.01895094412946433,0.0,-25.203320794331237,-0.22610069424836016,0.01895094412946433,0.0
117,29196976,19,23,4589,[YOUNG],2.8249170066350837,1.6690309489347392,1.1741146267663551,9178.3336762279,0.0,1.844,2.3776153031829614,Infinity,1.8447484588019811,4313,-2.331711996562518,3.9839999999999995,3.2339999999999995,0.75,0.7348421649191317,0.0,0.38888888888888895,2.7544159030765183,Infinity,-1.9374413677150006,0.0,2.1280625263686295,0.7998143718063326,1.2035006764166063,1.3112409276791728E-4,2.0000727121873827,1.9285714285714282
117,29795067,33,35,10514,[LOW_INCOME: FEMALE],2.9964406716029184,2.1804945435476926,3.816719539256251,5.1769352151506105,14.075206165137624,3.451,0.001187967606688012,-28.812232860310704,2.1585144025681187,6728,-5.25195473650961,6.505199999999999,6.055199999999999,0.44999999999999996,-0.4796377325502747,0.0,0.1,1.5864933060237252,7.551302438274506,1.37646737758195,-0.0,0.0028614954489132338,0.200059530806947,-3.8155315716495632,-0.19818738582276288,0.0018310958132288602,4.499999999999999
117,2318872,18,22,1795,[LOW_INCOME: MALE: OLD],2.497464751165384,2.4870439844145906,0.0,0.0,0.0,0.72,0.0,Infinity,0.7209695976355536,1830,-1.4135678816682544,2.121,1.371,0.75,-0.09697155445061104,0.0,0.31759259259259265,Infinity,Infinity,-Infinity,-0.0,0.0,0.06473476166143631,0.0,NaN,0.0,2.3615160349854225
